{"mean":{"confidence_interval":{"confidence_level":0.95,"lower_bound":5.4298317242717,"upper_bound":5.470059938542659},"point_estimate":5.448967296624357,"standard_error":0.010227997798463456},"median":{"confidence_interval":{"confidence_level":0.95,"lower_bound":5.398051245244881,"upper_bound":5.442120722796969},"point_estimate":5.415315767745832,"standard_error":0.010613753491994718}}