{"mean":{"confidence_interval":{"confidence_level":0.95,"lower_bound":3.626155819317821,"upper_bound":3.6566616926707916},"point_estimate":3.6418129659864116,"standard_error":0.007796328983091366},"median":{"confidence_interval":{"confidence_level":0.95,"lower_bound":3.6296337889414305,"upper_bound":3.6790585699331793},"point_estimate":3.6536571416938743,"standard_error":0.013320165690090403}}