{"mean":{"confidence_interval":{"confidence_level":0.95,"lower_bound":-0.7696020148252498,"upper_bound":-0.7680272688756263},"point_estimate":-0.7688179193138015,"standard_error":0.00040197952217237864},"median":{"confidence_interval":{"confidence_level":0.95,"lower_bound":-0.7693621911106051,"upper_bound":-0.7673278860630641},"point_estimate":-0.76827806934689,"standard_error":0.0005330089198806588}}