{"mean":{"confidence_interval":{"confidence_level":0.95,"lower_bound":4.051433629707826,"upper_bound":4.091726882952233},"point_estimate":4.071479587242206,"standard_error":0.010225076207499899},"median":{"confidence_interval":{"confidence_level":0.95,"lower_bound":4.049912226997822,"upper_bound":4.093087036207269},"point_estimate":4.077758889545867,"standard_error":0.011340245292012696}}