{"mean":{"confidence_interval":{"confidence_level":0.95,"lower_bound":2.6976292818181538,"upper_bound":2.734500577890014},"point_estimate":2.7158212938575,"standard_error":0.009421232068449512},"median":{"confidence_interval":{"confidence_level":0.95,"lower_bound":2.700255764527513,"upper_bound":2.740439999530365},"point_estimate":2.7164735105641538,"standard_error":0.010704889031915592}}