{"mean":{"confidence_interval":{"confidence_level":0.95,"lower_bound":25077.574970572638,"upper_bound":25184.33912323904},"point_estimate":25131.56193543285,"standard_error":27.217949260031695},"median":{"confidence_interval":{"confidence_level":0.95,"lower_bound":25083.688186813186,"upper_bound":25237.045120614035},"point_estimate":25167.67267839687,"standard_error":35.86691328350247},"median_abs_dev":{"confidence_interval":{"confidence_level":0.95,"lower_bound":191.64937198547395,"upper_bound":324.52564060778013},"point_estimate":249.69087245899462,"standard_error":33.377539483994724},"slope":{"confidence_interval":{"confidence_level":0.95,"lower_bound":25033.638626734886,"upper_bound":25184.41834027669},"point_estimate":25109.54605837151,"standard_error":38.359020984526246},"std_dev":{"confidence_interval":{"confidence_level":0.95,"lower_bound":233.7809842694542,"upper_bound":309.34509313101086},"point_estimate":273.5556027878295,"standard_error":19.321620875128946}}