{"mean":{"confidence_interval":{"confidence_level":0.95,"lower_bound":4.414625696192082,"upper_bound":4.458152163603104},"point_estimate":4.436409743330062,"standard_error":0.011097933220226128},"median":{"confidence_interval":{"confidence_level":0.95,"lower_bound":4.4089305235152985,"upper_bound":4.4612926589616775},"point_estimate":4.437397595549489,"standard_error":0.013350402872610195}}