{"mean":{"confidence_interval":{"confidence_level":0.95,"lower_bound":4.953562495073134,"upper_bound":4.993377912407648},"point_estimate":4.973250394046693,"standard_error":0.01015764197021713},"median":{"confidence_interval":{"confidence_level":0.95,"lower_bound":4.963443212133453,"upper_bound":5.001444577479419},"point_estimate":4.98109799139689,"standard_error":0.009057828648358135}}