{"mean":{"confidence_interval":{"confidence_level":0.95,"lower_bound":1.2758747699161077,"upper_bound":1.3112287121876236},"point_estimate":1.293226786436196,"standard_error":0.009105244171237524},"median":{"confidence_interval":{"confidence_level":0.95,"lower_bound":1.2555083859123584,"upper_bound":1.3572275487891852},"point_estimate":1.292014581021785,"standard_error":0.03248132938350954}}