{"mean":{"confidence_interval":{"confidence_level":0.95,"lower_bound":5.454698904285952,"upper_bound":5.511380229077627},"point_estimate":5.482751174464552,"standard_error":0.014418935377386496},"median":{"confidence_interval":{"confidence_level":0.95,"lower_bound":5.424585120660452,"upper_bound":5.525391176327059},"point_estimate":5.471409907487597,"standard_error":0.026426204275562457}}