{"mean":{"confidence_interval":{"confidence_level":0.95,"lower_bound":3.3169092954504613,"upper_bound":3.346896657451345},"point_estimate":3.331302505375568,"standard_error":0.007584375086169834},"median":{"confidence_interval":{"confidence_level":0.95,"lower_bound":3.3067687061392474,"upper_bound":3.3372360825228933},"point_estimate":3.3235849199418253,"standard_error":0.007819826490102651}}