{"mean":{"confidence_interval":{"confidence_level":0.95,"lower_bound":-0.8739777206821712,"upper_bound":-0.8731977141739256},"point_estimate":-0.873582933361685,"standard_error":0.00019895620172979793},"median":{"confidence_interval":{"confidence_level":0.95,"lower_bound":-0.8743628692014211,"upper_bound":-0.8735937305583025},"point_estimate":-0.8739754349474116,"standard_error":0.00018975889206241452}}