{"mean":{"confidence_interval":{"confidence_level":0.95,"lower_bound":3.0346720450587275,"upper_bound":3.0697733471686064},"point_estimate":3.052589264832055,"standard_error":0.009053085616174086},"median":{"confidence_interval":{"confidence_level":0.95,"lower_bound":3.0084321968179952,"upper_bound":3.044754870305514},"point_estimate":3.03205898711969,"standard_error":0.009661441344221722}}