{"mean":{"confidence_interval":{"confidence_level":0.95,"lower_bound":3.005998619317691,"upper_bound":3.0462810630369894},"point_estimate":3.024537317360278,"standard_error":0.010265677643673244},"median":{"confidence_interval":{"confidence_level":0.95,"lower_bound":3.007974265449259,"upper_bound":3.040728943612761},"point_estimate":3.0227628083878244,"standard_error":0.008358489824974844}}