{"mean":{"confidence_interval":{"confidence_level":0.95,"lower_bound":-0.7041456416757654,"upper_bound":-0.6988108121582214},"point_estimate":-0.7014025974187714,"standard_error":0.0013540047624630198},"median":{"confidence_interval":{"confidence_level":0.95,"lower_bound":-0.7002363840148769,"upper_bound":-0.6949365541184394},"point_estimate":-0.6967902483026595,"standard_error":0.0013789993755768189}}