{"mean":{"confidence_interval":{"confidence_level":0.95,"lower_bound":4.274013827844551,"upper_bound":4.316038428164542},"point_estimate":4.295440938183209,"standard_error":0.01070166784158224},"median":{"confidence_interval":{"confidence_level":0.95,"lower_bound":4.267766902554576,"upper_bound":4.31944988018027},"point_estimate":4.294875555791413,"standard_error":0.01278659082812487}}