{"mean":{"confidence_interval":{"confidence_level":0.95,"lower_bound":4.1566653405567076,"upper_bound":4.205245374867368},"point_estimate":4.182033010716524,"standard_error":0.012398330256886008},"median":{"confidence_interval":{"confidence_level":0.95,"lower_bound":4.175113187762976,"upper_bound":4.212027393583169},"point_estimate":4.188669385250053,"standard_error":0.009450859622823313}}