{"mean":{"confidence_interval":{"confidence_level":0.95,"lower_bound":-0.5573888020826816,"upper_bound":-0.5543346022009932},"point_estimate":-0.5558919604348821,"standard_error":0.0007824213359608988},"median":{"confidence_interval":{"confidence_level":0.95,"lower_bound":-0.5581227790004757,"upper_bound":-0.5558997714048831},"point_estimate":-0.5572105488748076,"standard_error":0.000575867081378697}}